Time,rsr-memcached-7fbb8d49f7-z6jwq - memcached-exporter,rsr-memcached-7fbb8d49f7-z6jwq - rsr-memcached,rsr-7d759f6dc9-m99vb - cloudsql-proxy,rsr-7f589d447f-zzrf5 - cloudsql-proxy,rsr-7d759f6dc9-m99vb - rsr-backend,rsr-7d759f6dc9-m99vb - rsr-backend.1,rsr-7d759f6dc9-m99vb - rsr-backend.2,rsr-7d759f6dc9-m99vb - rsr-backend.3,rsr-7d759f6dc9-m99vb - rsr-backend.4,rsr-7d759f6dc9-m99vb - rsr-backend.5,rsr-7d759f6dc9-m99vb - rsr-backend.6,rsr-7d759f6dc9-m99vb - rsr-backend.7,rsr-7d759f6dc9-m99vb - rsr-backend.8,rsr-7d759f6dc9-m99vb - rsr-backend.9,rsr-7d759f6dc9-m99vb - rsr-backend.10,rsr-7d759f6dc9-m99vb - rsr-backend.11,rsr-7d759f6dc9-m99vb - rsr-backend.12,rsr-7d759f6dc9-m99vb - rsr-backend.13,rsr-7d759f6dc9-m99vb - rsr-backend.14,rsr-7d759f6dc9-m99vb - rsr-backend.15,rsr-7d759f6dc9-m99vb - rsr-backend.16,rsr-7d759f6dc9-m99vb - rsr-backend.17,rsr-7d759f6dc9-m99vb - rsr-backend.18,rsr-7d759f6dc9-m99vb - rsr-backend.19,rsr-7d759f6dc9-m99vb - rsr-backend.20,rsr-7d759f6dc9-m99vb - rsr-backend.21,rsr-7d759f6dc9-m99vb - rsr-backend.22,rsr-7d759f6dc9-m99vb - rsr-backend.23,rsr-7d759f6dc9-m99vb - rsr-backend.24,rsr-7d759f6dc9-m99vb - rsr-backend.25,rsr-7d759f6dc9-m99vb - rsr-backend.26,rsr-7d759f6dc9-m99vb - rsr-backend.27,rsr-7d759f6dc9-m99vb - rsr-backend.28,rsr-7d759f6dc9-m99vb - rsr-backend.29,rsr-7d759f6dc9-m99vb - rsr-backend.30,rsr-7d759f6dc9-m99vb - rsr-backend.31,rsr-7d759f6dc9-m99vb - rsr-backend.32,rsr-7d759f6dc9-m99vb - rsr-backend.33,rsr-7d759f6dc9-m99vb - rsr-backend.34,rsr-7d759f6dc9-m99vb - rsr-backend.35,rsr-7d759f6dc9-m99vb - rsr-backend.36,rsr-7d759f6dc9-m99vb - rsr-backend.37,rsr-7d759f6dc9-m99vb - rsr-backend.38,rsr-7d759f6dc9-m99vb - rsr-backend.39,rsr-7d759f6dc9-m99vb - rsr-backend.40,rsr-7d759f6dc9-m99vb - rsr-backend.41,rsr-7d759f6dc9-m99vb - rsr-backend.42,rsr-7d759f6dc9-m99vb - rsr-backend.43,rsr-7d759f6dc9-m99vb - rsr-backend.44,rsr-7d759f6dc9-m99vb - rsr-backend.45,rsr-7d759f6dc9-m99vb - rsr-backend.46,rsr-7d759f6dc9-m99vb - rsr-backend.47,rsr-7d759f6dc9-m99vb - rsr-backend.48,rsr-7d759f6dc9-m99vb - rsr-backend.49,rsr-7d759f6dc9-m99vb - rsr-backend.50,rsr-7d759f6dc9-m99vb - rsr-backend.51,rsr-7d759f6dc9-m99vb - rsr-backend.52,rsr-7d759f6dc9-m99vb - rsr-backend.53,rsr-7d759f6dc9-m99vb - rsr-backend.54,rsr-7d759f6dc9-m99vb - rsr-backend.55,rsr-7d759f6dc9-m99vb - rsr-backend.56,rsr-7d759f6dc9-m99vb - rsr-backend.57,rsr-7d759f6dc9-m99vb - rsr-backend.58,rsr-7d759f6dc9-m99vb - rsr-backend.59,rsr-7d759f6dc9-m99vb - rsr-backend.60,rsr-7d759f6dc9-m99vb - rsr-backend.61,rsr-7d759f6dc9-m99vb - rsr-backend.62,rsr-7d759f6dc9-m99vb - rsr-backend.63,rsr-7d759f6dc9-m99vb - rsr-backend.64,rsr-7d759f6dc9-m99vb - rsr-backend.65,rsr-7d759f6dc9-m99vb - rsr-backend.66,rsr-7d759f6dc9-m99vb - rsr-backend.67,rsr-7d759f6dc9-m99vb - rsr-backend.68,rsr-7d759f6dc9-m99vb - rsr-backend.69,rsr-7d759f6dc9-m99vb - rsr-backend.70,rsr-7d759f6dc9-m99vb - rsr-backend.71,rsr-7d759f6dc9-m99vb - rsr-backend.72,rsr-7d759f6dc9-m99vb - rsr-backend.73,rsr-7d759f6dc9-m99vb - rsr-backend.74,rsr-7d759f6dc9-m99vb - rsr-backend.75,rsr-7d759f6dc9-m99vb - rsr-backend.76,rsr-7d759f6dc9-m99vb - rsr-backend.77,rsr-7d759f6dc9-m99vb - rsr-backend.78,rsr-7d759f6dc9-m99vb - rsr-backend.79,rsr-7d759f6dc9-m99vb - rsr-backend.80,rsr-7d759f6dc9-m99vb - rsr-backend.81,rsr-7d759f6dc9-m99vb - rsr-backend.82,rsr-7d759f6dc9-m99vb - rsr-backend.83,rsr-7d759f6dc9-m99vb - rsr-backend.84,rsr-7d759f6dc9-m99vb - rsr-backend.85,rsr-7d759f6dc9-m99vb - rsr-backend.86,rsr-7d759f6dc9-m99vb - rsr-backend.87,rsr-7d759f6dc9-m99vb - rsr-backend.88,rsr-7d759f6dc9-m99vb - rsr-backend.89,rsr-7d759f6dc9-m99vb - rsr-backend.90,rsr-7d759f6dc9-m99vb - rsr-backend.91,rsr-7d759f6dc9-m99vb - rsr-backend.92,rsr-7d759f6dc9-m99vb - rsr-backend.93,rsr-7d759f6dc9-m99vb - rsr-backend.94,rsr-7d759f6dc9-m99vb - rsr-backend.95,rsr-7d759f6dc9-m99vb - rsr-backend.96,rsr-7d759f6dc9-m99vb - rsr-backend.97,rsr-7d759f6dc9-m99vb - rsr-backend.98,rsr-7d759f6dc9-m99vb - rsr-backend.99,rsr-7d759f6dc9-m99vb - rsr-backend.100,rsr-7d759f6dc9-m99vb - rsr-backend.101,rsr-7d759f6dc9-m99vb - rsr-backend.102,rsr-7d759f6dc9-m99vb - rsr-backend.103,rsr-7d759f6dc9-m99vb - rsr-backend.104,rsr-7d759f6dc9-m99vb - rsr-backend.105,rsr-7d759f6dc9-m99vb - rsr-backend.106,rsr-7d759f6dc9-m99vb - rsr-backend.107,rsr-7d759f6dc9-m99vb - rsr-backend.108,rsr-7d759f6dc9-m99vb - rsr-backend.109,rsr-7d759f6dc9-m99vb - rsr-backend.110,rsr-7d759f6dc9-m99vb - rsr-backend.111,rsr-7d759f6dc9-m99vb - rsr-backend.112,rsr-7d759f6dc9-m99vb - rsr-backend.113,rsr-7d759f6dc9-m99vb - rsr-backend.114,rsr-7d759f6dc9-m99vb - rsr-backend.115,rsr-7d759f6dc9-m99vb - rsr-backend.116,rsr-7d759f6dc9-m99vb - rsr-backend.117,rsr-7d759f6dc9-m99vb - rsr-backend.118,rsr-7d759f6dc9-m99vb - rsr-backend.119,rsr-7d759f6dc9-m99vb - rsr-backend.120,rsr-7d759f6dc9-m99vb - rsr-backend.121,rsr-7d759f6dc9-m99vb - rsr-backend.122,rsr-7d759f6dc9-m99vb - rsr-backend.123,rsr-7d759f6dc9-m99vb - rsr-backend.124,rsr-7d759f6dc9-m99vb - rsr-backend.125,rsr-7d759f6dc9-m99vb - rsr-backend.126,rsr-7d759f6dc9-m99vb - rsr-backend.127,rsr-7d759f6dc9-m99vb - rsr-backend.128,rsr-7d759f6dc9-m99vb - rsr-backend.129,rsr-7d759f6dc9-m99vb - rsr-backend.130,rsr-7d759f6dc9-m99vb - rsr-backend.131,rsr-7d759f6dc9-m99vb - rsr-backend.132,rsr-7d759f6dc9-m99vb - rsr-backend.133,rsr-7d759f6dc9-m99vb - rsr-backend.134,rsr-7d759f6dc9-m99vb - rsr-backend.135,rsr-7d759f6dc9-m99vb - rsr-backend.136,rsr-7d759f6dc9-m99vb - rsr-backend.137,rsr-7d759f6dc9-m99vb - rsr-backend.138,rsr-7d759f6dc9-m99vb - rsr-backend.139,rsr-7d759f6dc9-m99vb - rsr-backend.140,rsr-7d759f6dc9-m99vb - rsr-backend.141,rsr-7d759f6dc9-m99vb - rsr-backend.142,rsr-7d759f6dc9-m99vb - rsr-backend.143,rsr-7d759f6dc9-m99vb - rsr-backend.144,rsr-7d759f6dc9-m99vb - rsr-backend.145,rsr-7d759f6dc9-m99vb - rsr-backend.146,rsr-7d759f6dc9-m99vb - rsr-backend.147,rsr-7d759f6dc9-m99vb - rsr-backend.148,rsr-7d759f6dc9-m99vb - rsr-backend.149,rsr-7d759f6dc9-m99vb - rsr-backend.150,rsr-7d759f6dc9-m99vb - rsr-backend.151,rsr-7d759f6dc9-m99vb - rsr-backend.152,rsr-7d759f6dc9-m99vb - rsr-backend.153,rsr-7d759f6dc9-m99vb - rsr-backend.154,rsr-7d759f6dc9-m99vb - rsr-backend.155,rsr-7d759f6dc9-m99vb - rsr-backend.156,rsr-7d759f6dc9-m99vb - rsr-backend.157,rsr-7d759f6dc9-m99vb - rsr-backend.158,rsr-7d759f6dc9-m99vb - rsr-backend.159,rsr-7d759f6dc9-m99vb - rsr-backend.160,rsr-7d759f6dc9-m99vb - rsr-backend.161,rsr-7d759f6dc9-m99vb - rsr-backend.162,rsr-7d759f6dc9-m99vb - rsr-backend.163,rsr-7d759f6dc9-m99vb - rsr-backend.164,rsr-7d759f6dc9-m99vb - rsr-backend.165,rsr-7d759f6dc9-m99vb - rsr-backend.166,rsr-7d759f6dc9-m99vb - rsr-backend.167,rsr-7d759f6dc9-m99vb - rsr-backend.168,rsr-7d759f6dc9-m99vb - rsr-backend.169,rsr-7d759f6dc9-m99vb - rsr-backend.170,rsr-7d759f6dc9-m99vb - rsr-backend.171,rsr-7d759f6dc9-m99vb - rsr-backend.172,rsr-7d759f6dc9-m99vb - rsr-backend.173,rsr-7d759f6dc9-m99vb - rsr-backend.174,rsr-7d759f6dc9-m99vb - rsr-backend.175,rsr-7d759f6dc9-m99vb - rsr-backend.176,rsr-7d759f6dc9-m99vb - rsr-backend.177,rsr-7d759f6dc9-m99vb - rsr-backend.178,rsr-7d759f6dc9-m99vb - rsr-backend.179,rsr-7d759f6dc9-m99vb - rsr-backend.180,rsr-7d759f6dc9-m99vb - rsr-backend.181,rsr-7d759f6dc9-m99vb - rsr-backend.182,rsr-7d759f6dc9-m99vb - rsr-backend.183,rsr-7d759f6dc9-m99vb - rsr-backend.184,rsr-7d759f6dc9-m99vb - rsr-backend.185,rsr-7d759f6dc9-m99vb - rsr-backend.186,rsr-7d759f6dc9-m99vb - rsr-backend.187,rsr-7d759f6dc9-m99vb - rsr-backend.188,rsr-7d759f6dc9-m99vb - rsr-backend.189,rsr-7d759f6dc9-m99vb - rsr-backend.190,rsr-7d759f6dc9-m99vb - rsr-backend.191,rsr-7d759f6dc9-m99vb - rsr-backend.192,rsr-7d759f6dc9-m99vb - rsr-backend.193,rsr-7d759f6dc9-m99vb - rsr-backend.194,rsr-7d759f6dc9-m99vb - rsr-backend.195,rsr-7d759f6dc9-m99vb - rsr-backend.196,rsr-7d759f6dc9-m99vb - rsr-backend.197,rsr-7d759f6dc9-m99vb - rsr-backend.198,rsr-7d759f6dc9-m99vb - rsr-backend.199,rsr-7d759f6dc9-m99vb - rsr-backend.200,rsr-7d759f6dc9-m99vb - rsr-backend.201,rsr-7d759f6dc9-m99vb - rsr-backend.202,rsr-7d759f6dc9-m99vb - rsr-backend.203,rsr-7d759f6dc9-m99vb - rsr-backend.204,rsr-7d759f6dc9-m99vb - rsr-backend.205,rsr-7d759f6dc9-m99vb - rsr-backend.206,rsr-7d759f6dc9-m99vb - rsr-backend.207,rsr-7d759f6dc9-m99vb - rsr-backend.208,rsr-7d759f6dc9-m99vb - rsr-backend.209,rsr-7d759f6dc9-m99vb - rsr-backend.210,rsr-7d759f6dc9-m99vb - rsr-backend.211,rsr-7d759f6dc9-m99vb - rsr-backend.212,rsr-7d759f6dc9-m99vb - rsr-backend.213,rsr-7d759f6dc9-m99vb - rsr-backend.214,rsr-7d759f6dc9-m99vb - rsr-backend.215,rsr-7d759f6dc9-m99vb - rsr-backend.216,rsr-7d759f6dc9-m99vb - rsr-backend.217,rsr-7d759f6dc9-m99vb - rsr-backend.218,rsr-7d759f6dc9-m99vb - rsr-backend.219,rsr-7d759f6dc9-m99vb - rsr-backend.220,rsr-7d759f6dc9-m99vb - rsr-backend.221,rsr-7d759f6dc9-m99vb - rsr-backend.222,rsr-7d759f6dc9-m99vb - rsr-backend.223,rsr-7d759f6dc9-m99vb - rsr-backend.224,rsr-7d759f6dc9-m99vb - rsr-backend.225,rsr-7d759f6dc9-m99vb - rsr-backend.226,rsr-7d759f6dc9-m99vb - rsr-backend.227,rsr-7d759f6dc9-m99vb - rsr-backend.228,rsr-7d759f6dc9-m99vb - rsr-backend.229,rsr-7d759f6dc9-m99vb - rsr-backend.230,rsr-7d759f6dc9-m99vb - rsr-backend.231,rsr-7d759f6dc9-m99vb - rsr-backend.232,rsr-7d759f6dc9-m99vb - rsr-backend.233,rsr-7d759f6dc9-m99vb - rsr-backend.234,rsr-7d759f6dc9-m99vb - rsr-backend.235,rsr-7d759f6dc9-m99vb - rsr-backend.236,rsr-7d759f6dc9-m99vb - rsr-backend.237,rsr-7d759f6dc9-m99vb - rsr-backend.238,rsr-7d759f6dc9-m99vb - rsr-backend.239,rsr-7d759f6dc9-m99vb - rsr-backend.240,rsr-7d759f6dc9-m99vb - rsr-backend.241,rsr-7d759f6dc9-m99vb - rsr-backend.242,rsr-7d759f6dc9-m99vb - rsr-backend.243,rsr-7d759f6dc9-m99vb - rsr-backend.244,rsr-7d759f6dc9-m99vb - rsr-backend.245,rsr-7d759f6dc9-m99vb - rsr-backend.246,rsr-7d759f6dc9-m99vb - rsr-backend.247,rsr-7d759f6dc9-m99vb - rsr-backend.248,rsr-7d759f6dc9-m99vb - rsr-backend.249,rsr-7d759f6dc9-m99vb - rsr-backend.250,rsr-7d759f6dc9-m99vb - rsr-backend.251,rsr-7d759f6dc9-m99vb - rsr-backend.252,rsr-7d759f6dc9-m99vb - rsr-backend.253,rsr-7d759f6dc9-m99vb - rsr-backend.254,rsr-7d759f6dc9-m99vb - rsr-backend.255,rsr-7d759f6dc9-m99vb - rsr-backend.256,rsr-7d759f6dc9-m99vb - rsr-backend.257,rsr-7d759f6dc9-m99vb - rsr-backend.258,rsr-7d759f6dc9-m99vb - rsr-backend.259,rsr-7d759f6dc9-m99vb - rsr-backend.260,rsr-7d759f6dc9-m99vb - rsr-backend.261,rsr-7d759f6dc9-m99vb - rsr-backend.262,rsr-7d759f6dc9-m99vb - rsr-backend.263,rsr-7d759f6dc9-m99vb - rsr-backend.264,rsr-7d759f6dc9-m99vb - rsr-backend.265,rsr-7d759f6dc9-m99vb - rsr-backend.266,rsr-7d759f6dc9-m99vb - rsr-backend.267,rsr-7d759f6dc9-m99vb - rsr-backend.268,rsr-7d759f6dc9-m99vb - rsr-backend.269,rsr-7d759f6dc9-m99vb - rsr-backend.270,rsr-7d759f6dc9-m99vb - rsr-backend.271,rsr-7d759f6dc9-m99vb - rsr-backend.272,rsr-7d759f6dc9-m99vb - rsr-backend.273,rsr-7d759f6dc9-m99vb - rsr-backend.274,rsr-7d759f6dc9-m99vb - rsr-backend.275,rsr-7d759f6dc9-m99vb - rsr-backend.276,rsr-7d759f6dc9-m99vb - rsr-backend.277,rsr-7d759f6dc9-m99vb - rsr-backend.278,rsr-7d759f6dc9-m99vb - rsr-backend.279,rsr-7d759f6dc9-m99vb - rsr-backend.280,rsr-7d759f6dc9-m99vb - rsr-backend.281,rsr-7d759f6dc9-m99vb - rsr-backend.282,rsr-7d759f6dc9-m99vb - rsr-backend.283,rsr-7d759f6dc9-m99vb - rsr-backend.284,rsr-7d759f6dc9-m99vb - rsr-backend.285,rsr-7d759f6dc9-m99vb - rsr-backend.286,rsr-7d759f6dc9-m99vb - rsr-backend.287,rsr-7d759f6dc9-m99vb - rsr-backend.288,rsr-7d759f6dc9-m99vb - rsr-backend.289,rsr-7d759f6dc9-m99vb - rsr-backend.290,rsr-7d759f6dc9-m99vb - rsr-backend.291,rsr-7d759f6dc9-m99vb - rsr-backend.292,rsr-7d759f6dc9-m99vb - rsr-backend.293,rsr-7d759f6dc9-m99vb - rsr-backend.294,rsr-7d759f6dc9-m99vb - rsr-backend.295,rsr-7d759f6dc9-m99vb - rsr-backend.296,rsr-7d759f6dc9-m99vb - rsr-backend.297,rsr-7d759f6dc9-m99vb - rsr-backend.298,rsr-7d759f6dc9-m99vb - rsr-backend.299,rsr-7d759f6dc9-m99vb - rsr-backend.300,rsr-7d759f6dc9-m99vb - rsr-backend.301,rsr-7d759f6dc9-m99vb - rsr-backend.302,rsr-7d759f6dc9-m99vb - rsr-backend.303,rsr-7d759f6dc9-m99vb - rsr-backend.304,rsr-7d759f6dc9-m99vb - rsr-backend.305,rsr-7d759f6dc9-m99vb - rsr-backend.306,rsr-7d759f6dc9-m99vb - rsr-backend.307,rsr-7d759f6dc9-m99vb - rsr-backend.308,rsr-7d759f6dc9-m99vb - rsr-backend.309,rsr-7d759f6dc9-m99vb - rsr-backend.310,rsr-7d759f6dc9-m99vb - rsr-backend.311,rsr-7d759f6dc9-m99vb - rsr-backend.312,rsr-7d759f6dc9-m99vb - rsr-backend.313,rsr-7d759f6dc9-m99vb - rsr-backend.314,rsr-7d759f6dc9-m99vb - rsr-backend.315,rsr-7d759f6dc9-m99vb - rsr-backend.316,rsr-7d759f6dc9-m99vb - rsr-backend.317,rsr-7d759f6dc9-m99vb - rsr-backend.318,rsr-7d759f6dc9-m99vb - rsr-backend.319,rsr-7d759f6dc9-m99vb - rsr-backend.320,rsr-7d759f6dc9-m99vb - rsr-backend.321,rsr-7d759f6dc9-m99vb - rsr-backend.322,rsr-7d759f6dc9-m99vb - rsr-backend.323,rsr-7d759f6dc9-m99vb - rsr-backend.324,rsr-7d759f6dc9-m99vb - rsr-backend.325,rsr-7d759f6dc9-m99vb - rsr-backend.326,rsr-7d759f6dc9-m99vb - rsr-backend.327,rsr-7d759f6dc9-m99vb - rsr-backend.328,rsr-7d759f6dc9-m99vb - rsr-backend.329,rsr-7d759f6dc9-m99vb - rsr-backend.330,rsr-7d759f6dc9-m99vb - rsr-backend.331,rsr-7d759f6dc9-m99vb - rsr-backend.332,rsr-7d759f6dc9-m99vb - rsr-backend.333,rsr-7d759f6dc9-m99vb - rsr-backend.334,rsr-7d759f6dc9-m99vb - rsr-backend.335,rsr-7d759f6dc9-m99vb - rsr-backend.336,rsr-7d759f6dc9-m99vb - rsr-backend.337,rsr-7d759f6dc9-m99vb - rsr-backend.338,rsr-7d759f6dc9-m99vb - rsr-backend.339,rsr-7d759f6dc9-m99vb - rsr-backend.340,rsr-7d759f6dc9-m99vb - rsr-backend.341,rsr-7d759f6dc9-m99vb - rsr-backend.342,rsr-7d759f6dc9-m99vb - rsr-backend.343,rsr-7d759f6dc9-m99vb - rsr-backend.344,rsr-7d759f6dc9-m99vb - rsr-backend.345,rsr-7d759f6dc9-m99vb - rsr-backend.346,rsr-7d759f6dc9-m99vb - rsr-backend.347,rsr-7d759f6dc9-m99vb - rsr-backend.348,rsr-7d759f6dc9-m99vb - rsr-backend.349,rsr-7d759f6dc9-m99vb - rsr-backend.350,rsr-7d759f6dc9-m99vb - rsr-backend.351,rsr-7d759f6dc9-m99vb - rsr-backend.352,rsr-7d759f6dc9-m99vb - rsr-backend.353,rsr-7d759f6dc9-m99vb - rsr-backend.354,rsr-7d759f6dc9-m99vb - rsr-backend.355,rsr-7d759f6dc9-m99vb - rsr-backend.356,rsr-7d759f6dc9-m99vb - rsr-backend.357,rsr-7d759f6dc9-m99vb - rsr-backend.358,rsr-7d759f6dc9-m99vb - rsr-backend.359,rsr-7d759f6dc9-m99vb - rsr-backend.360,rsr-7d759f6dc9-m99vb - rsr-backend.361,rsr-7d759f6dc9-m99vb - rsr-backend.362,rsr-7d759f6dc9-m99vb - rsr-backend.363,rsr-7d759f6dc9-m99vb - rsr-backend.364,rsr-7d759f6dc9-m99vb - rsr-backend.365,rsr-7d759f6dc9-m99vb - rsr-backend.366,rsr-7d759f6dc9-m99vb - rsr-backend.367,rsr-7d759f6dc9-m99vb - rsr-backend.368,rsr-7d759f6dc9-m99vb - rsr-backend.369,rsr-7d759f6dc9-m99vb - rsr-backend.370,rsr-7d759f6dc9-m99vb - rsr-backend.371,rsr-7d759f6dc9-m99vb - rsr-backend.372,rsr-7d759f6dc9-m99vb - rsr-backend.373,rsr-7d759f6dc9-m99vb - rsr-backend.374,rsr-7d759f6dc9-m99vb - rsr-backend.375,rsr-7d759f6dc9-m99vb - rsr-backend.376,rsr-7d759f6dc9-m99vb - rsr-backend.377,rsr-7d759f6dc9-m99vb - rsr-backend.378,rsr-7d759f6dc9-m99vb - rsr-backend.379,rsr-7d759f6dc9-m99vb - rsr-backend.380,rsr-7d759f6dc9-m99vb - rsr-backend.381,rsr-7d759f6dc9-m99vb - rsr-backend.382,rsr-7d759f6dc9-m99vb - rsr-backend.383,rsr-7d759f6dc9-m99vb - rsr-backend.384,rsr-7d759f6dc9-m99vb - rsr-backend.385,rsr-7d759f6dc9-m99vb - rsr-backend.386,rsr-7d759f6dc9-m99vb - rsr-backend.387,rsr-7d759f6dc9-m99vb - rsr-backend.388,rsr-7d759f6dc9-m99vb - rsr-backend.389,rsr-7d759f6dc9-m99vb - rsr-backend.390,rsr-7d759f6dc9-m99vb - rsr-backend.391,rsr-7d759f6dc9-m99vb - rsr-backend.392,rsr-7d759f6dc9-m99vb - rsr-backend.393,rsr-7d759f6dc9-m99vb - rsr-backend.394,rsr-7d759f6dc9-m99vb - rsr-backend.395,rsr-7d759f6dc9-m99vb - rsr-backend.396,rsr-7d759f6dc9-m99vb - rsr-backend.397,rsr-7d759f6dc9-m99vb - rsr-backend.398,rsr-7d759f6dc9-m99vb - rsr-backend.399,rsr-7d759f6dc9-m99vb - rsr-backend.400,rsr-7d759f6dc9-m99vb - rsr-backend.401,rsr-7d759f6dc9-m99vb - rsr-backend.402,rsr-7d759f6dc9-m99vb - rsr-backend.403,rsr-7d759f6dc9-m99vb - rsr-backend.404,rsr-7d759f6dc9-m99vb - rsr-backend.405,rsr-7d759f6dc9-m99vb - rsr-backend.406,rsr-7d759f6dc9-m99vb - rsr-backend.407,rsr-7d759f6dc9-m99vb - rsr-backend.408,rsr-7d759f6dc9-m99vb - rsr-backend.409,rsr-7d759f6dc9-m99vb - rsr-backend.410,rsr-7d759f6dc9-m99vb - rsr-backend.411,rsr-7d759f6dc9-m99vb - rsr-backend.412,rsr-7d759f6dc9-m99vb - rsr-backend.413,rsr-7d759f6dc9-m99vb - rsr-backend.414,rsr-7d759f6dc9-m99vb - rsr-backend.415,rsr-7d759f6dc9-m99vb - rsr-backend.416,rsr-7d759f6dc9-m99vb - rsr-backend.417,rsr-7d759f6dc9-m99vb - rsr-backend.418,rsr-7d759f6dc9-m99vb - rsr-backend.419,rsr-7d759f6dc9-m99vb - rsr-backend.420,rsr-7d759f6dc9-m99vb - rsr-backend.421,rsr-7d759f6dc9-m99vb - rsr-backend.422,rsr-7d759f6dc9-m99vb - rsr-backend.423,rsr-7d759f6dc9-m99vb - rsr-backend.424,rsr-7d759f6dc9-m99vb - rsr-backend.425,rsr-7d759f6dc9-m99vb - rsr-backend.426,rsr-7d759f6dc9-m99vb - rsr-backend.427,rsr-7d759f6dc9-m99vb - rsr-backend.428,rsr-7d759f6dc9-m99vb - rsr-backend.429,rsr-7d759f6dc9-m99vb - rsr-backend.430,rsr-7d759f6dc9-m99vb - rsr-backend.431,rsr-7d759f6dc9-m99vb - rsr-backend.432,rsr-7d759f6dc9-m99vb - rsr-backend.433,rsr-7d759f6dc9-m99vb - rsr-backend.434,rsr-7d759f6dc9-m99vb - rsr-backend.435,rsr-7d759f6dc9-m99vb - rsr-backend.436,rsr-7d759f6dc9-m99vb - rsr-backend.437,rsr-7d759f6dc9-m99vb - rsr-backend.438,rsr-7d759f6dc9-m99vb - rsr-backend.439,rsr-7d759f6dc9-m99vb - rsr-backend.440,rsr-7d759f6dc9-m99vb - rsr-backend.441,rsr-7d759f6dc9-m99vb - rsr-backend.442,rsr-7d759f6dc9-m99vb - rsr-backend.443,rsr-7d759f6dc9-m99vb - rsr-backend.444,rsr-7d759f6dc9-m99vb - rsr-backend.445,rsr-7d759f6dc9-m99vb - rsr-backend.446,rsr-7d759f6dc9-m99vb - rsr-backend.447,rsr-7d759f6dc9-m99vb - rsr-backend.448,rsr-7d759f6dc9-m99vb - rsr-backend.449,rsr-7d759f6dc9-m99vb - rsr-backend.450,rsr-7d759f6dc9-m99vb - rsr-backend.451,rsr-7d759f6dc9-m99vb - rsr-backend.452,rsr-7d759f6dc9-m99vb - rsr-backend.453,rsr-7d759f6dc9-m99vb - rsr-backend.454,rsr-7d759f6dc9-m99vb - rsr-backend.455,rsr-7d759f6dc9-m99vb - rsr-backend.456,rsr-7d759f6dc9-m99vb - rsr-backend.457,rsr-7d759f6dc9-m99vb - rsr-backend.458,rsr-7d759f6dc9-m99vb - rsr-backend.459,rsr-7d759f6dc9-m99vb - rsr-backend.460,rsr-7d759f6dc9-m99vb - rsr-backend.461,rsr-7d759f6dc9-m99vb - rsr-backend.462,rsr-7d759f6dc9-m99vb - rsr-backend.463,rsr-7d759f6dc9-m99vb - rsr-backend.464,rsr-7d759f6dc9-m99vb - rsr-backend.465,rsr-7d759f6dc9-m99vb - rsr-backend.466,rsr-7d759f6dc9-m99vb - rsr-backend.467,rsr-7d759f6dc9-m99vb - rsr-backend.468,rsr-7d759f6dc9-m99vb - rsr-backend.469,rsr-7d759f6dc9-m99vb - rsr-backend.470,rsr-7d759f6dc9-m99vb - rsr-backend.471,rsr-7d759f6dc9-m99vb - rsr-backend.472,rsr-7d759f6dc9-m99vb - rsr-backend.473,rsr-7d759f6dc9-m99vb - rsr-backend.474,rsr-7d759f6dc9-m99vb - rsr-backend.475,rsr-7d759f6dc9-m99vb - rsr-backend.476,rsr-7d759f6dc9-m99vb - rsr-backend.477,rsr-7d759f6dc9-m99vb - rsr-backend.478,rsr-7d759f6dc9-m99vb - rsr-backend.479,rsr-7d759f6dc9-m99vb - rsr-backend.480,rsr-7d759f6dc9-m99vb - rsr-backend.481,rsr-7d759f6dc9-m99vb - rsr-backend.482,rsr-7d759f6dc9-m99vb - rsr-backend.483,rsr-7d759f6dc9-m99vb - rsr-backend.484,rsr-7d759f6dc9-m99vb - rsr-backend.485,rsr-7d759f6dc9-m99vb - rsr-backend.486,rsr-7d759f6dc9-m99vb - rsr-backend.487,rsr-7d759f6dc9-m99vb - rsr-backend.488,rsr-7d759f6dc9-m99vb - rsr-backend.489,rsr-7d759f6dc9-m99vb - rsr-backend.490,rsr-7d759f6dc9-m99vb - rsr-backend.491,rsr-7d759f6dc9-m99vb - rsr-backend.492,rsr-7d759f6dc9-m99vb - rsr-backend.493,rsr-7d759f6dc9-m99vb - rsr-backend.494,rsr-7d759f6dc9-m99vb - rsr-backend.495,rsr-7d759f6dc9-m99vb - rsr-backend.496,rsr-7d759f6dc9-m99vb - rsr-backend.497,rsr-7d759f6dc9-m99vb - rsr-backend.498,rsr-7d759f6dc9-m99vb - rsr-backend.499,rsr-7d759f6dc9-m99vb - rsr-backend.500,rsr-7d759f6dc9-m99vb - rsr-backend.501,rsr-7d759f6dc9-m99vb - rsr-backend.502,rsr-7d759f6dc9-m99vb - rsr-backend.503,rsr-7d759f6dc9-m99vb - rsr-backend.504,rsr-7d759f6dc9-m99vb - rsr-backend.505,rsr-7d759f6dc9-m99vb - rsr-backend.506,rsr-7d759f6dc9-m99vb - rsr-backend.507,rsr-7d759f6dc9-m99vb - rsr-backend.508,rsr-7d759f6dc9-m99vb - rsr-backend.509,rsr-7d759f6dc9-m99vb - rsr-backend.510,rsr-7d759f6dc9-m99vb - rsr-backend.511,rsr-7d759f6dc9-m99vb - rsr-backend.512,rsr-7d759f6dc9-m99vb - rsr-backend.513,rsr-7d759f6dc9-m99vb - rsr-backend.514,rsr-7d759f6dc9-m99vb - rsr-backend.515,rsr-7d759f6dc9-m99vb - rsr-backend.516,rsr-7d759f6dc9-m99vb - rsr-backend.517,rsr-7d759f6dc9-m99vb - rsr-backend.518,rsr-7d759f6dc9-m99vb - rsr-backend.519,rsr-7d759f6dc9-m99vb - rsr-backend.520,rsr-7d759f6dc9-m99vb - rsr-backend.521,rsr-7d759f6dc9-m99vb - rsr-backend.522,rsr-7d759f6dc9-m99vb - rsr-backend.523,rsr-7d759f6dc9-m99vb - rsr-backend.524,rsr-7d759f6dc9-m99vb - rsr-backend.525,rsr-7d759f6dc9-m99vb - rsr-backend.526,rsr-7d759f6dc9-m99vb - rsr-backend.527,rsr-7d759f6dc9-m99vb - rsr-backend.528,rsr-7d759f6dc9-m99vb - rsr-backend.529,rsr-7d759f6dc9-m99vb - rsr-backend.530,rsr-7d759f6dc9-m99vb - rsr-backend.531,rsr-7d759f6dc9-m99vb - rsr-backend.532,rsr-7d759f6dc9-m99vb - rsr-backend.533,rsr-7d759f6dc9-m99vb - rsr-backend.534,rsr-7d759f6dc9-m99vb - rsr-backend.535,rsr-7d759f6dc9-m99vb - rsr-backend.536,rsr-7d759f6dc9-m99vb - rsr-backend.537,rsr-7d759f6dc9-m99vb - rsr-backend.538,rsr-7d759f6dc9-m99vb - rsr-backend.539,rsr-7d759f6dc9-m99vb - rsr-backend.540,rsr-7d759f6dc9-m99vb - rsr-backend.541,rsr-7d759f6dc9-m99vb - rsr-backend.542,rsr-7d759f6dc9-m99vb - rsr-backend.543,rsr-7d759f6dc9-m99vb - rsr-backend.544,rsr-7d759f6dc9-m99vb - rsr-backend.545,rsr-7d759f6dc9-m99vb - rsr-backend.546,rsr-7d759f6dc9-m99vb - rsr-backend.547,rsr-7d759f6dc9-m99vb - rsr-backend.548,rsr-7d759f6dc9-m99vb - rsr-backend.549,rsr-7d759f6dc9-m99vb - rsr-backend.550,rsr-7d759f6dc9-m99vb - rsr-backend.551,rsr-7d759f6dc9-m99vb - rsr-backend.552,rsr-7d759f6dc9-m99vb - rsr-backend.553,rsr-7d759f6dc9-m99vb - rsr-backend.554,rsr-7d759f6dc9-m99vb - rsr-backend.555,rsr-7d759f6dc9-m99vb - rsr-backend.556,rsr-7d759f6dc9-m99vb - rsr-backend.557,rsr-7d759f6dc9-m99vb - rsr-backend.558,rsr-7d759f6dc9-m99vb - rsr-backend.559,rsr-7d759f6dc9-m99vb - rsr-backend.560,rsr-7d759f6dc9-m99vb - rsr-backend.561,rsr-7d759f6dc9-m99vb - rsr-backend.562,rsr-7d759f6dc9-m99vb - rsr-backend.563,rsr-7d759f6dc9-m99vb - rsr-backend.564,rsr-7d759f6dc9-m99vb - rsr-backend.565,rsr-7d759f6dc9-m99vb - rsr-backend.566,rsr-7d759f6dc9-m99vb - rsr-backend.567,rsr-7d759f6dc9-m99vb - rsr-backend.568,rsr-7d759f6dc9-m99vb - rsr-backend.569,rsr-7d759f6dc9-m99vb - rsr-backend.570,rsr-7d759f6dc9-m99vb - rsr-backend.571,rsr-7d759f6dc9-m99vb - rsr-backend.572,rsr-7d759f6dc9-m99vb - rsr-backend.573,rsr-7d759f6dc9-m99vb - rsr-backend.574,rsr-7d759f6dc9-m99vb - rsr-backend.575,rsr-7d759f6dc9-m99vb - rsr-backend.576,rsr-7d759f6dc9-m99vb - rsr-backend.577,rsr-7d759f6dc9-m99vb - rsr-backend.578,rsr-7d759f6dc9-m99vb - rsr-backend.579,rsr-7d759f6dc9-m99vb - rsr-backend.580,rsr-7d759f6dc9-m99vb - rsr-backend.581,rsr-7d759f6dc9-m99vb - rsr-backend.582,rsr-7d759f6dc9-m99vb - rsr-backend.583,rsr-7d759f6dc9-m99vb - rsr-backend.584,rsr-7d759f6dc9-m99vb - rsr-backend.585,rsr-7d759f6dc9-m99vb - rsr-backend.586,rsr-7d759f6dc9-m99vb - rsr-backend.587,rsr-7d759f6dc9-m99vb - rsr-backend.588,rsr-7d759f6dc9-m99vb - rsr-backend.589,rsr-7d759f6dc9-m99vb - rsr-backend.590,rsr-7d759f6dc9-m99vb - rsr-backend.591,rsr-7d759f6dc9-m99vb - rsr-backend.592,rsr-7d759f6dc9-m99vb - rsr-backend.593,rsr-7d759f6dc9-m99vb - rsr-backend.594,rsr-7d759f6dc9-m99vb - rsr-backend.595,rsr-7d759f6dc9-m99vb - rsr-backend.596,rsr-7d759f6dc9-m99vb - rsr-backend.597,rsr-7d759f6dc9-m99vb - rsr-backend.598,rsr-7d759f6dc9-m99vb - rsr-backend.599,rsr-7d759f6dc9-m99vb - rsr-backend.600,rsr-7d759f6dc9-m99vb - rsr-backend.601,rsr-7d759f6dc9-m99vb - rsr-backend.602,rsr-7d759f6dc9-m99vb - rsr-backend.603,rsr-7d759f6dc9-m99vb - rsr-backend.604,rsr-7d759f6dc9-m99vb - rsr-backend.605,rsr-7d759f6dc9-m99vb - rsr-backend.606,rsr-7d759f6dc9-m99vb - rsr-backend.607,rsr-7d759f6dc9-m99vb - rsr-backend.608,rsr-7d759f6dc9-m99vb - rsr-backend.609,rsr-7f589d447f-zzrf5 - rsr-backend,rsr-7d759f6dc9-m99vb - rsr-nginx,rsr-7f589d447f-zzrf5 - rsr-nginx,rsr-7d759f6dc9-m99vb - rsr-reports,rsr-7f589d447f-zzrf5 - rsr-reports,rsr-7d759f6dc9-m99vb - rsr-statsd-to-prometheus,rsr-7f589d447f-zzrf5 - rsr-statsd-to-prometheus,rsr-7d759f6dc9-m99vb - worker,rsr-7f589d447f-zzrf5 - worker
2025-08-29 20:30:00,9.046875,36.265625,11.15625,,,,,,,,,,,,,,,,,,,,,,,,,,,,,,,,,,,,,,,,,,,,,,,,,,,,,,,,,,,,,,,,,,,,,,,,,,,,,,,,,,,,,,,,,,,,,,,,,,,,,,,,,,,,,,,,,,,,,,,,,,,,,,,,,,,,,,,,,,,,,,,,,,,,,,,,,,,,,,,,,,,,,,,,,,,,,,,,,,,,,,,,,,,,,,,,,,,,,,,,,,,,,,,,,,,,,,,,,,,,,,,,,,,,,,,,,,,,,,,,,,,,,,,,,,,,,,,,,,,,,,,,,,,,,,,,,,,,,,,,,,,,,,,,,,,,,,,,,,,,,,,,,,,,,,,,,,,,,,,,,,,,,,,,,,,,,,,,,,,,,,,,,,,,,,,,,,,,,,,,,,,,,,,,,,,,,,,,,,,,,,,,,,,,,,,,,,,,,,,,,,,,,,,,,,,,,,,,,,,,,,,,,,,,,,,,,,,,,,,,,,,,,,,,,,,,,,,,,,,,,,,,,,,,,,,,,,,,,,,,,,,,,,,,,,,,,,,,,,,,,,,,,,,,,,,,,,,,,,,,,,,,,,,,,,,,,,,,,,,,,,,,,,,,,,,,,,,,,,,,,,,,,,,,,,,,,,,,,,,,,,,,,,,,,,,,,,,,,,,,,,,,,,,,,,,,,4.67578125,,3983.89453125,,10.26953125,,446.80859375,
2025-08-29 20:45:00,9.05078125,36.26171875,11.09765625,,,,,,,,,,,,,,,,,,,,,,,,,,,,,,,,,,,,,,,,,,,,,,,,,,,,,,,,,,,,,,,,,,,,,,,,,,,,,,,,,,,,,,,,,,,,,,,,,,,,,,,,,,,,,,,,,,,,,,,,,,,,,,,,,,,,,,,,,,,,,,,,,,,,,,,,,,,,,,,,,,,,,,,,,,,,,,,,,,,,,,,,,,,,,,,,,,,,,,,,,,,,,,,,,,,,,,,,,,,,,,,,,,,,,,,,,,,,,,,,,,,,,,,,,,,,,,,,,,,,,,,,,,,,,,,,,,,,,,,,,,,,,,,,,,,,,,,,,,,,,,,,,,,,,,,,,,,,,,,,,,,,,,,,,,,,,,,,,,,,,,,,,,,,,,,,,,,,,,,,,,,,,,,,,,,,,,,,,,,,,,,,,,,,,,,,,,,,,,,,,,,,,,,,,,,,,,,,,,,,,,,,,,,,,,,,,,,,,,,,,,,,,,,,,,,,,,,,,,,,,,,,,,,,,,,,,,,,,,,,,,,,,,,,,,,,,,,,,,,,,,,,,,,,,,,,,,,,,,,,,,,,,,,,,,,,,,,,,,,,,,,,,,,,,,,,,,,,,,,,,,,,,,,,,,,,,,,,,,,,,,,,,,,,,,,,,,,,,,,,,,,,,,,,,,,,,4.4765625,,3741.27734375,,10.26953125,,446.87109375,
2025-08-29 21:00:00,9.046875,36.2578125,11.55859375,,,,,,,,,,,,,,,,,,,,,,,,,,,,,,,,,,,,,,,,,,,,,,,,,,,,,,,,,,,,,,,,,,,,,,,,,,,,,,,,,,,,,,,,,,,,,,,,,,,,,,,,,,,,,,,,,,,,,,,,,,,,,,,,,,,,,,,,,,,,,,,,,,,,,,,,,,,,,,,,,,,,,,,,,,,,,,,,,,,,,,,,,,,,,,,,,,,,,,,,,,,,,,,,,,,,,,,,,,,,,,,,,,,,,,,,,,,,,,,,,,,,,,,,,,,,,,,,,,,,,,,,,,,,,,,,,,,,,,,,,,,,,,,,,,,,,,,,,,,,,,,,,,,,,,,,,,,,,,,,,,,,,,,,,,,,,,,,,,,,,,,,,,,,,,,,,,,,,,,,,,,,,,,,,,,,,,,,,,,,,,,,,,,,,,,,,,,,,,,,,,,,,,,,,,,,,,,,,,,,,,,,,,,,,,,,,,,,,,,,,,,,,,,,,,,,,,,,,,,,,,,,,,,,,,,,,,,,,,,,,,,,,,,,,,,,,,,,,,,,,,,,,,,,,,,,,,,,,,,,,,,,,,,,,,,,,,,,,,,,,,,,,,,,,,,,,,,,,,,,,,,,,,,,,,,,,,,,,,,,,,,,,,,,,,,,,,,,,,,,,,,,,,,,,,,,,4.5,,3931.00390625,,9.63671875,,446.9140625,
2025-08-29 21:15:00,9.05078125,36.5078125,11.1015625,,,,,,,,,,,,,,,,,,,,,,,,,,,,,,,,,,,,,,,,,,,,,,,,,,,,,,,,,,,,,,,,,,,,,,,,,,,,,,,,,,,,,,,,,,,,,,,,,,,,,,,,,,,,,,,,,,,,,,,,,,,,,,,,,,,,,,,,,,,,,,,,,,,,,,,,,,,,,,,,,,,,,,,,,,,,,,,,,,,,,,,,,,,,,,,,,,,,,,,,,,,,,,,,,,,,,,,,,,,,,,,,,,,,,,,,,,,,,,,,,,,,,,,,,,,,,,,,,,,,,,,,,,,,,,,,,,,,,,,,,,,,,,,,,,,,,,,,,,,,,,,,,,,,,,,,,,,,,,,,,,,,,,,,,,,,,,,,,,,,,,,,,,,,,,,,,,,,,,,,,,,,,,,,,,,,,,,,,,,,,,,,,,,,,,,,,,,,,,,,,,,,,,,,,,,,,,,,,,,,,,,,,,,,,,,,,,,,,,,,,,,,,,,,,,,,,,,,,,,,,,,,,,,,,,,,,,,,,,,,,,,,,,,,,,,,,,,,,,,,,,,,,,,,,,,,,,,,,,,,,,,,,,,,,,,,,,,,,,,,,,,,,,,,,,,,,,,,,,,,,,,,,,,,,,,,,,,,,,,,,,,,,,,,,,,,,,,,,,,,,,,,,,,,,,,,,4.2890625,,3864.515625,,9.63671875,,446.99609375,
2025-08-29 21:30:00,9.046875,36.26171875,11.33984375,,,,,,,,,,,,,,,,,,,,,,,,,,,,,,,,,,,,,,,,,,,,,,,,,,,,,,,,,,,,,,,,,,,,,,,,,,,,,,,,,,,,,,,,,,,,,,,,,,,,,,,,,,,,,,,,,,,,,,,,,,,,,,,,,,,,,,,,,,,,,,,,,,,,,,,,,,,,,,,,,,,,,,,,,,,,,,,,,,,,,,,,,,,,,,,,,,,,,,,,,,,,,,,,,,,,,,,,,,,,,,,,,,,,,,,,,,,,,,,,,,,,,,,,,,,,,,,,,,,,,,,,,,,,,,,,,,,,,,,,,,,,,,,,,,,,,,,,,,,,,,,,,,,,,,,,,,,,,,,,,,,,,,,,,,,,,,,,,,,,,,,,,,,,,,,,,,,,,,,,,,,,,,,,,,,,,,,,,,,,,,,,,,,,,,,,,,,,,,,,,,,,,,,,,,,,,,,,,,,,,,,,,,,,,,,,,,,,,,,,,,,,,,,,,,,,,,,,,,,,,,,,,,,,,,,,,,,,,,,,,,,,,,,,,,,,,,,,,,,,,,,,,,,,,,,,,,,,,,,,,,,,,,,,,,,,,,,,,,,,,,,,,,,,,,,,,,,,,,,,,,,,,,,,,,,,,,,,,,,,,,,,,,,,,,,,,,,,,,,,,,,,,,,,,,,,,4.47265625,,3919.4296875,,10.265625,,447.27734375,
2025-08-29 21:45:00,9.05078125,36.2578125,11.1640625,,,,,,,,,,,,,,,,,,,,,,,,,,,,,,,,,,,,,,,,,,,,,,,,,,,,,,,,,,,,,,,,,,,,,,,,,,,,,,,,,,,,,,,,,,,,,,,,,,,,,,,,,,,,,,,,,,,,,,,,,,,,,,,,,,,,,,,,,,,,,,,,,,,,,,,,,,,,,,,,,,,,,,,,,,,,,,,,,,,,,,,,,,,,,,,,,,,,,,,,,,,,,,,,,,,,,,,,,,,,,,,,,,,,,,,,,,,,,,,,,,,,,,,,,,,,,,,,,,,,,,,,,,,,,,,,,,,,,,,,,,,,,,,,,,,,,,,,,,,,,,,,,,,,,,,,,,,,,,,,,,,,,,,,,,,,,,,,,,,,,,,,,,,,,,,,,,,,,,,,,,,,,,,,,,,,,,,,,,,,,,,,,,,,,,,,,,,,,,,,,,,,,,,,,,,,,,,,,,,,,,,,,,,,,,,,,,,,,,,,,,,,,,,,,,,,,,,,,,,,,,,,,,,,,,,,,,,,,,,,,,,,,,,,,,,,,,,,,,,,,,,,,,,,,,,,,,,,,,,,,,,,,,,,,,,,,,,,,,,,,,,,,,,,,,,,,,,,,,,,,,,,,,,,,,,,,,,,,,,,,,,,,,,,,,,,,,,,,,,,,,,,,,,,,,,,,4.90234375,,3921.01953125,,9.6328125,,447.3046875,
2025-08-29 22:00:00,9.05078125,36.26171875,11.16015625,,,,,,,,,,,,,,,,,,,,,,,,,,,,,,,,,,,,,,,,,,,,,,,,,,,,,,,,,,,,,,,,,,,,,,,,,,,,,,,,,,,,,,,,,,,,,,,,,,,,,,,,,,,,,,,,,,,,,,,,,,,,,,,,,,,,,,,,,,,,,,,,,,,,,,,,,,,,,,,,,,,,,,,,,,,,,,,,,,,,,,,,,,,,,,,,,,,,,,,,,,,,,,,,,,,,,,,,,,,,,,,,,,,,,,,,,,,,,,,,,,,,,,,,,,,,,,,,,,,,,,,,,,,,,,,,,,,,,,,,,,,,,,,,,,,,,,,,,,,,,,,,,,,,,,,,,,,,,,,,,,,,,,,,,,,,,,,,,,,,,,,,,,,,,,,,,,,,,,,,,,,,,,,,,,,,,,,,,,,,,,,,,,,,,,,,,,,,,,,,,,,,,,,,,,,,,,,,,,,,,,,,,,,,,,,,,,,,,,,,,,,,,,,,,,,,,,,,,,,,,,,,,,,,,,,,,,,,,,,,,,,,,,,,,,,,,,,,,,,,,,,,,,,,,,,,,,,,,,,,,,,,,,,,,,,,,,,,,,,,,,,,,,,,,,,,,,,,,,,,,,,,,,,,,,,,,,,,,,,,,,,,,,,,,,,,,,,,,,,,,,,,,,,,,,,,,4.7109375,,3827.03125,,9.63671875,,447.07421875,
2025-08-29 22:15:00,9.046875,36.5078125,11.7890625,,,,,,,,,,,,,,,,,,,,,,,,,,,,,,,,,,,,,,,,,,,,,,,,,,,,,,,,,,,,,,,,,,,,,,,,,,,,,,,,,,,,,,,,,,,,,,,,,,,,,,,,,,,,,,,,,,,,,,,,,,,,,,,,,,,,,,,,,,,,,,,,,,,,,,,,,,,,,,,,,,,,,,,,,,,,,,,,,,,,,,,,,,,,,,,,,,,,,,,,,,,,,,,,,,,,,,,,,,,,,,,,,,,,,,,,,,,,,,,,,,,,,,,,,,,,,,,,,,,,,,,,,,,,,,,,,,,,,,,,,,,,,,,,,,,,,,,,,,,,,,,,,,,,,,,,,,,,,,,,,,,,,,,,,,,,,,,,,,,,,,,,,,,,,,,,,,,,,,,,,,,,,,,,,,,,,,,,,,,,,,,,,,,,,,,,,,,,,,,,,,,,,,,,,,,,,,,,,,,,,,,,,,,,,,,,,,,,,,,,,,,,,,,,,,,,,,,,,,,,,,,,,,,,,,,,,,,,,,,,,,,,,,,,,,,,,,,,,,,,,,,,,,,,,,,,,,,,,,,,,,,,,,,,,,,,,,,,,,,,,,,,,,,,,,,,,,,,,,,,,,,,,,,,,,,,,,,,,,,,,,,,,,,,,,,,,,,,,,,,,,,,,,,,,,,,,4.9375,,3886.67578125,,10.265625,,448.265625,
2025-08-29 22:30:00,9.05078125,36.2890625,11.28125,,,,,,,,,,,,,,,,,,,,,,,,,,,,,,,,,,,,,,,,,,,,,,,,,,,,,,,,,,,,,,,,,,,,,,,,,,,,,,,,,,,,,,,,,,,,,,,,,,,,,,,,,,,,,,,,,,,,,,,,,,,,,,,,,,,,,,,,,,,,,,,,,,,,,,,,,,,,,,,,,,,,,,,,,,,,,,,,,,,,,,,,,,,,,,,,,,,,,,,,,,,,,,,,,,,,,,,,,,,,,,,,,,,,,,,,,,,,,,,,,,,,,,,,,,,,,,,,,,,,,,,,,,,,,,,,,,,,,,,,,,,,,,,,,,,,,,,,,,,,,,,,,,,,,,,,,,,,,,,,,,,,,,,,,,,,,,,,,,,,,,,,,,,,,,,,,,,,,,,,,,,,,,,,,,,,,,,,,,,,,,,,,,,,,,,,,,,,,,,,,,,,,,,,,,,,,,,,,,,,,,,,,,,,,,,,,,,,,,,,,,,,,,,,,,,,,,,,,,,,,,,,,,,,,,,,,,,,,,,,,,,,,,,,,,,,,,,,,,,,,,,,,,,,,,,,,,,,,,,,,,,,,,,,,,,,,,,,,,,,,,,,,,,,,,,,,,,,,,,,,,,,,,,,,,,,,,,,,,,,,,,,,,,,,,,,,,,,,,,,,,,,,,,,,,,,,4.87890625,,3921.8828125,,9.63671875,,448.296875,
2025-08-29 22:45:00,9.05078125,36.51171875,11.2734375,,,,,,,,,,,,,,,,,,,,,,,,,,,,,,,,,,,,,,,,,,,,,,,,,,,,,,,,,,,,,,,,,,,,,,,,,,,,,,,,,,,,,,,,,,,,,,,,,,,,,,,,,,,,,,,,,,,,,,,,,,,,,,,,,,,,,,,,,,,,,,,,,,,,,,,,,,,,,,,,,,,,,,,,,,,,,,,,,,,,,,,,,,,,,,,,,,,,,,,,,,,,,,,,,,,,,,,,,,,,,,,,,,,,,,,,,,,,,,,,,,,,,,,,,,,,,,,,,,,,,,,,,,,,,,,,,,,,,,,,,,,,,,,,,,,,,,,,,,,,,,,,,,,,,,,,,,,,,,,,,,,,,,,,,,,,,,,,,,,,,,,,,,,,,,,,,,,,,,,,,,,,,,,,,,,,,,,,,,,,,,,,,,,,,,,,,,,,,,,,,,,,,,,,,,,,,,,,,,,,,,,,,,,,,,,,,,,,,,,,,,,,,,,,,,,,,,,,,,,,,,,,,,,,,,,,,,,,,,,,,,,,,,,,,,,,,,,,,,,,,,,,,,,,,,,,,,,,,,,,,,,,,,,,,,,,,,,,,,,,,,,,,,,,,,,,,,,,,,,,,,,,,,,,,,,,,,,,,,,,,,,,,,,,,,,,,,,,,,,,,,,,,,,,,,,,,4.73046875,,3956.70703125,,9.63671875,,448.34375,
2025-08-29 23:00:00,9.046875,36.515625,11.27734375,,,,,,,,,,,,,,,,,,,,,,,,,,,,,,,,,,,,,,,,,,,,,,,,,,,,,,,,,,,,,,,,,,,,,,,,,,,,,,,,,,,,,,,,,,,,,,,,,,,,,,,,,,,,,,,,,,,,,,,,,,,,,,,,,,,,,,,,,,,,,,,,,,,,,,,,,,,,,,,,,,,,,,,,,,,,,,,,,,,,,,,,,,,,,,,,,,,,,,,,,,,,,,,,,,,,,,,,,,,,,,,,,,,,,,,,,,,,,,,,,,,,,,,,,,,,,,,,,,,,,,,,,,,,,,,,,,,,,,,,,,,,,,,,,,,,,,,,,,,,,,,,,,,,,,,,,,,,,,,,,,,,,,,,,,,,,,,,,,,,,,,,,,,,,,,,,,,,,,,,,,,,,,,,,,,,,,,,,,,,,,,,,,,,,,,,,,,,,,,,,,,,,,,,,,,,,,,,,,,,,,,,,,,,,,,,,,,,,,,,,,,,,,,,,,,,,,,,,,,,,,,,,,,,,,,,,,,,,,,,,,,,,,,,,,,,,,,,,,,,,,,,,,,,,,,,,,,,,,,,,,,,,,,,,,,,,,,,,,,,,,,,,,,,,,,,,,,,,,,,,,,,,,,,,,,,,,,,,,,,,,,,,,,,,,,,,,,,,,,,,,,,,,,,,,,,,4.87890625,,3823.23828125,,9.63671875,,448.3671875,
2025-08-29 23:15:00,9.0546875,36.26953125,11.2734375,,,,,,,,,,,,,,,,,,,,,,,,,,,,,,,,,,,,,,,,,,,,,,,,,,,,,,,,,,,,,,,,,,,,,,,,,,,,,,,,,,,,,,,,,,,,,,,,,,,,,,,,,,,,,,,,,,,,,,,,,,,,,,,,,,,,,,,,,,,,,,,,,,,,,,,,,,,,,,,,,,,,,,,,,,,,,,,,,,,,,,,,,,,,,,,,,,,,,,,,,,,,,,,,,,,,,,,,,,,,,,,,,,,,,,,,,,,,,,,,,,,,,,,,,,,,,,,,,,,,,,,,,,,,,,,,,,,,,,,,,,,,,,,,,,,,,,,,,,,,,,,,,,,,,,,,,,,,,,,,,,,,,,,,,,,,,,,,,,,,,,,,,,,,,,,,,,,,,,,,,,,,,,,,,,,,,,,,,,,,,,,,,,,,,,,,,,,,,,,,,,,,,,,,,,,,,,,,,,,,,,,,,,,,,,,,,,,,,,,,,,,,,,,,,,,,,,,,,,,,,,,,,,,,,,,,,,,,,,,,,,,,,,,,,,,,,,,,,,,,,,,,,,,,,,,,,,,,,,,,,,,,,,,,,,,,,,,,,,,,,,,,,,,,,,,,,,,,,,,,,,,,,,,,,,,,,,,,,,,,,,,,,,,,,,,,,,,,,,,,,,,,,,,,,,,,,5.01953125,,3873.28125,,10.265625,,459.375,
2025-08-29 23:30:00,9.046875,36.26171875,11.46875,,,,,,,,,,,,,,,,,,,,,,,,,,,,,,,,,,,,,,,,,,,,,,,,,,,,,,,,,,,,,,,,,,,,,,,,,,,,,,,,,,,,,,,,,,,,,,,,,,,,,,,,,,,,,,,,,,,,,,,,,,,,,,,,,,,,,,,,,,,,,,,,,,,,,,,,,,,,,,,,,,,,,,,,,,,,,,,,,,,,,,,,,,,,,,,,,,,,,,,,,,,,,,,,,,,,,,,,,,,,,,,,,,,,,,,,,,,,,,,,,,,,,,,,,,,,,,,,,,,,,,,,,,,,,,,,,,,,,,,,,,,,,,,,,,,,,,,,,,,,,,,,,,,,,,,,,,,,,,,,,,,,,,,,,,,,,,,,,,,,,,,,,,,,,,,,,,,,,,,,,,,,,,,,,,,,,,,,,,,,,,,,,,,,,,,,,,,,,,,,,,,,,,,,,,,,,,,,,,,,,,,,,,,,,,,,,,,,,,,,,,,,,,,,,,,,,,,,,,,,,,,,,,,,,,,,,,,,,,,,,,,,,,,,,,,,,,,,,,,,,,,,,,,,,,,,,,,,,,,,,,,,,,,,,,,,,,,,,,,,,,,,,,,,,,,,,,,,,,,,,,,,,,,,,,,,,,,,,,,,,,,,,,,,,,,,,,,,,,,,,,,,,,,,,,,,,4.671875,,3738.96484375,,10.265625,,459.45703125,
2025-08-29 23:45:00,9.046875,36.296875,11.265625,,,,,,,,,,,,,,,,,,,,,,,,,,,,,,,,,,,,,,,,,,,,,,,,,,,,,,,,,,,,,,,,,,,,,,,,,,,,,,,,,,,,,,,,,,,,,,,,,,,,,,,,,,,,,,,,,,,,,,,,,,,,,,,,,,,,,,,,,,,,,,,,,,,,,,,,,,,,,,,,,,,,,,,,,,,,,,,,,,,,,,,,,,,,,,,,,,,,,,,,,,,,,,,,,,,,,,,,,,,,,,,,,,,,,,,,,,,,,,,,,,,,,,,,,,,,,,,,,,,,,,,,,,,,,,,,,,,,,,,,,,,,,,,,,,,,,,,,,,,,,,,,,,,,,,,,,,,,,,,,,,,,,,,,,,,,,,,,,,,,,,,,,,,,,,,,,,,,,,,,,,,,,,,,,,,,,,,,,,,,,,,,,,,,,,,,,,,,,,,,,,,,,,,,,,,,,,,,,,,,,,,,,,,,,,,,,,,,,,,,,,,,,,,,,,,,,,,,,,,,,,,,,,,,,,,,,,,,,,,,,,,,,,,,,,,,,,,,,,,,,,,,,,,,,,,,,,,,,,,,,,,,,,,,,,,,,,,,,,,,,,,,,,,,,,,,,,,,,,,,,,,,,,,,,,,,,,,,,,,,,,,,,,,,,,,,,,,,,,,,,,,,,,,,,,,,,4.8125,,3772.33203125,,9.63671875,,459.5546875,
2025-08-30 00:00:00,9.046875,36.26171875,11.30078125,,,,,,,,,,,,,,,,,,,,,,,,,,,,,,,,,,,,,,,,,,,,,,,,,,,,,,,,,,,,,,,,,,,,,,,,,,,,,,,,,,,,,,,,,,,,,,,,,,,,,,,,,,,,,,,,,,,,,,,,,,,,,,,,,,,,,,,,,,,,,,,,,,,,,,,,,,,,,,,,,,,,,,,,,,,,,,,,,,,,,,,,,,,,,,,,,,,,,,,,,,,,,,,,,,,,,,,,,,,,,,,,,,,,,,,,,,,,,,,,,,,,,,,,,,,,,,,,,,,,,,,,,,,,,,,,,,,,,,,,,,,,,,,,,,,,,,,,,,,,,,,,,,,,,,,,,,,,,,,,,,,,,,,,,,,,,,,,,,,,,,,,,,,,,,,,,,,,,,,,,,,,,,,,,,,,,,,,,,,,,,,,,,,,,,,,,,,,,,,,,,,,,,,,,,,,,,,,,,,,,,,,,,,,,,,,,,,,,,,,,,,,,,,,,,,,,,,,,,,,,,,,,,,,,,,,,,,,,,,,,,,,,,,,,,,,,,,,,,,,,,,,,,,,,,,,,,,,,,,,,,,,,,,,,,,,,,,,,,,,,,,,,,,,,,,,,,,,,,,,,,,,,,,,,,,,,,,,,,,,,,,,,,,,,,,,,,,,,,,,,,,,,,,,,,,,,4.7421875,,3872.734375,,10.26953125,,459.63671875,
2025-08-30 00:15:00,9.046875,36.2578125,11.29296875,,,,,,,,,,,,,,,,,,,,,,,,,,,,,,,,,,,,,,,,,,,,,,,,,,,,,,,,,,,,,,,,,,,,,,,,,,,,,,,,,,,,,,,,,,,,,,,,,,,,,,,,,,,,,,,,,,,,,,,,,,,,,,,,,,,,,,,,,,,,,,,,,,,,,,,,,,,,,,,,,,,,,,,,,,,,,,,,,,,,,,,,,,,,,,,,,,,,,,,,,,,,,,,,,,,,,,,,,,,,,,,,,,,,,,,,,,,,,,,,,,,,,,,,,,,,,,,,,,,,,,,,,,,,,,,,,,,,,,,,,,,,,,,,,,,,,,,,,,,,,,,,,,,,,,,,,,,,,,,,,,,,,,,,,,,,,,,,,,,,,,,,,,,,,,,,,,,,,,,,,,,,,,,,,,,,,,,,,,,,,,,,,,,,,,,,,,,,,,,,,,,,,,,,,,,,,,,,,,,,,,,,,,,,,,,,,,,,,,,,,,,,,,,,,,,,,,,,,,,,,,,,,,,,,,,,,,,,,,,,,,,,,,,,,,,,,,,,,,,,,,,,,,,,,,,,,,,,,,,,,,,,,,,,,,,,,,,,,,,,,,,,,,,,,,,,,,,,,,,,,,,,,,,,,,,,,,,,,,,,,,,,,,,,,,,,,,,,,,,,,,,,,,,,,,,,,4.98046875,,3953.421875,,10.2734375,,459.7265625,
2025-08-30 00:30:00,9.0546875,36.515625,11.546875,,,,,,,,,,,,,,,,,,,,,,,,,,,,,,,,,,,,,,,,,,,,,,,,,,,,,,,,,,,,,,,,,,,,,,,,,,,,,,,,,,,,,,,,,,,,,,,,,,,,,,,,,,,,,,,,,,,,,,,,,,,,,,,,,,,,,,,,,,,,,,,,,,,,,,,,,,,,,,,,,,,,,,,,,,,,,,,,,,,,,,,,,,,,,,,,,,,,,,,,,,,,,,,,,,,,,,,,,,,,,,,,,,,,,,,,,,,,,,,,,,,,,,,,,,,,,,,,,,,,,,,,,,,,,,,,,,,,,,,,,,,,,,,,,,,,,,,,,,,,,,,,,,,,,,,,,,,,,,,,,,,,,,,,,,,,,,,,,,,,,,,,,,,,,,,,,,,,,,,,,,,,,,,,,,,,,,,,,,,,,,,,,,,,,,,,,,,,,,,,,,,,,,,,,,,,,,,,,,,,,,,,,,,,,,,,,,,,,,,,,,,,,,,,,,,,,,,,,,,,,,,,,,,,,,,,,,,,,,,,,,,,,,,,,,,,,,,,,,,,,,,,,,,,,,,,,,,,,,,,,,,,,,,,,,,,,,,,,,,,,,,,,,,,,,,,,,,,,,,,,,,,,,,,,,,,,,,,,,,,,,,,,,,,,,,,,,,,,,,,,,,,,,,,,,,,,5.07421875,,3992.87109375,,10.1484375,,459.7890625,
2025-08-30 00:45:00,9.0546875,36.515625,11.3046875,,,,,,,,,,,,,,,,,,,,,,,,,,,,,,,,,,,,,,,,,,,,,,,,,,,,,,,,,,,,,,,,,,,,,,,,,,,,,,,,,,,,,,,,,,,,,,,,,,,,,,,,,,,,,,,,,,,,,,,,,,,,,,,,,,,,,,,,,,,,,,,,,,,,,,,,,,,,,,,,,,,,,,,,,,,,,,,,,,,,,,,,,,,,,,,,,,,,,,,,,,,,,,,,,,,,,,,,,,,,,,,,,,,,,,,,,,,,,,,,,,,,,,,,,,,,,,,,,,,,,,,,,,,,,,,,,,,,,,,,,,,,,,,,,,,,,,,,,,,,,,,,,,,,,,,,,,,,,,,,,,,,,,,,,,,,,,,,,,,,,,,,,,,,,,,,,,,,,,,,,,,,,,,,,,,,,,,,,,,,,,,,,,,,,,,,,,,,,,,,,,,,,,,,,,,,,,,,,,,,,,,,,,,,,,,,,,,,,,,,,,,,,,,,,,,,,,,,,,,,,,,,,,,,,,,,,,,,,,,,,,,,,,,,,,,,,,,,,,,,,,,,,,,,,,,,,,,,,,,,,,,,,,,,,,,,,,,,,,,,,,,,,,,,,,,,,,,,,,,,,,,,,,,,,,,,,,,,,,,,,,,,,,,,,,,,,,,,,,,,,,,,,,,,,,,,,5.3828125,,4013.703125,,9.8671875,,459.83203125,
2025-08-30 01:00:00,9.05078125,36.265625,11.3046875,,,,,,,,,,,,,,,,,,,,,,,,,,,,,,,,,,,,,,,,,,,,,,,,,,,,,,,,,,,,,,,,,,,,,,,,,,,,,,,,,,,,,,,,,,,,,,,,,,,,,,,,,,,,,,,,,,,,,,,,,,,,,,,,,,,,,,,,,,,,,,,,,,,,,,,,,,,,,,,,,,,,,,,,,,,,,,,,,,,,,,,,,,,,,,,,,,,,,,,,,,,,,,,,,,,,,,,,,,,,,,,,,,,,,,,,,,,,,,,,,,,,,,,,,,,,,,,,,,,,,,,,,,,,,,,,,,,,,,,,,,,,,,,,,,,,,,,,,,,,,,,,,,,,,,,,,,,,,,,,,,,,,,,,,,,,,,,,,,,,,,,,,,,,,,,,,,,,,,,,,,,,,,,,,,,,,,,,,,,,,,,,,,,,,,,,,,,,,,,,,,,,,,,,,,,,,,,,,,,,,,,,,,,,,,,,,,,,,,,,,,,,,,,,,,,,,,,,,,,,,,,,,,,,,,,,,,,,,,,,,,,,,,,,,,,,,,,,,,,,,,,,,,,,,,,,,,,,,,,,,,,,,,,,,,,,,,,,,,,,,,,,,,,,,,,,,,,,,,,,,,,,,,,,,,,,,,,,,,,,,,,,,,,,,,,,,,,,,,,,,,,,,,,,,,,,,5.27734375,,3872.2578125,,10.2734375,,459.859375,
2025-08-30 01:15:00,9.0546875,36.26171875,11.28125,,,,,,,,,,,,,,,,,,,,,,,,,,,,,,,,,,,,,,,,,,,,,,,,,,,,,,,,,,,,,,,,,,,,,,,,,,,,,,,,,,,,,,,,,,,,,,,,,,,,,,,,,,,,,,,,,,,,,,,,,,,,,,,,,,,,,,,,,,,,,,,,,,,,,,,,,,,,,,,,,,,,,,,,,,,,,,,,,,,,,,,,,,,,,,,,,,,,,,,,,,,,,,,,,,,,,,,,,,,,,,,,,,,,,,,,,,,,,,,,,,,,,,,,,,,,,,,,,,,,,,,,,,,,,,,,,,,,,,,,,,,,,,,,,,,,,,,,,,,,,,,,,,,,,,,,,,,,,,,,,,,,,,,,,,,,,,,,,,,,,,,,,,,,,,,,,,,,,,,,,,,,,,,,,,,,,,,,,,,,,,,,,,,,,,,,,,,,,,,,,,,,,,,,,,,,,,,,,,,,,,,,,,,,,,,,,,,,,,,,,,,,,,,,,,,,,,,,,,,,,,,,,,,,,,,,,,,,,,,,,,,,,,,,,,,,,,,,,,,,,,,,,,,,,,,,,,,,,,,,,,,,,,,,,,,,,,,,,,,,,,,,,,,,,,,,,,,,,,,,,,,,,,,,,,,,,,,,,,,,,,,,,,,,,,,,,,,,,,,,,,,,,,,,,,,,,5.03515625,,3955.76171875,,10.26953125,,459.984375,
2025-08-30 01:30:00,9.05078125,36.2578125,11.296875,,,,,,,,,,,,,,,,,,,,,,,,,,,,,,,,,,,,,,,,,,,,,,,,,,,,,,,,,,,,,,,,,,,,,,,,,,,,,,,,,,,,,,,,,,,,,,,,,,,,,,,,,,,,,,,,,,,,,,,,,,,,,,,,,,,,,,,,,,,,,,,,,,,,,,,,,,,,,,,,,,,,,,,,,,,,,,,,,,,,,,,,,,,,,,,,,,,,,,,,,,,,,,,,,,,,,,,,,,,,,,,,,,,,,,,,,,,,,,,,,,,,,,,,,,,,,,,,,,,,,,,,,,,,,,,,,,,,,,,,,,,,,,,,,,,,,,,,,,,,,,,,,,,,,,,,,,,,,,,,,,,,,,,,,,,,,,,,,,,,,,,,,,,,,,,,,,,,,,,,,,,,,,,,,,,,,,,,,,,,,,,,,,,,,,,,,,,,,,,,,,,,,,,,,,,,,,,,,,,,,,,,,,,,,,,,,,,,,,,,,,,,,,,,,,,,,,,,,,,,,,,,,,,,,,,,,,,,,,,,,,,,,,,,,,,,,,,,,,,,,,,,,,,,,,,,,,,,,,,,,,,,,,,,,,,,,,,,,,,,,,,,,,,,,,,,,,,,,,,,,,,,,,,,,,,,,,,,,,,,,,,,,,,,,,,,,,,,,,,,,,,,,,,,,,,,,4.4375,,3983.453125,,9.640625,,460.0078125,
2025-08-30 01:45:00,9.0546875,36.26171875,11.30078125,,,,,,,,,,,,,,,,,,,,,,,,,,,,,,,,,,,,,,,,,,,,,,,,,,,,,,,,,,,,,,,,,,,,,,,,,,,,,,,,,,,,,,,,,,,,,,,,,,,,,,,,,,,,,,,,,,,,,,,,,,,,,,,,,,,,,,,,,,,,,,,,,,,,,,,,,,,,,,,,,,,,,,,,,,,,,,,,,,,,,,,,,,,,,,,,,,,,,,,,,,,,,,,,,,,,,,,,,,,,,,,,,,,,,,,,,,,,,,,,,,,,,,,,,,,,,,,,,,,,,,,,,,,,,,,,,,,,,,,,,,,,,,,,,,,,,,,,,,,,,,,,,,,,,,,,,,,,,,,,,,,,,,,,,,,,,,,,,,,,,,,,,,,,,,,,,,,,,,,,,,,,,,,,,,,,,,,,,,,,,,,,,,,,,,,,,,,,,,,,,,,,,,,,,,,,,,,,,,,,,,,,,,,,,,,,,,,,,,,,,,,,,,,,,,,,,,,,,,,,,,,,,,,,,,,,,,,,,,,,,,,,,,,,,,,,,,,,,,,,,,,,,,,,,,,,,,,,,,,,,,,,,,,,,,,,,,,,,,,,,,,,,,,,,,,,,,,,,,,,,,,,,,,,,,,,,,,,,,,,,,,,,,,,,,,,,,,,,,,,,,,,,,,,,,,,,4.57421875,,4002.08203125,,9.640625,,460.05078125,
2025-08-30 02:00:00,9.0546875,36.5234375,11.30078125,,,,,,,,,,,,,,,,,,,,,,,,,,,,,,,,,,,,,,,,,,,,,,,,,,,,,,,,,,,,,,,,,,,,,,,,,,,,,,,,,,,,,,,,,,,,,,,,,,,,,,,,,,,,,,,,,,,,,,,,,,,,,,,,,,,,,,,,,,,,,,,,,,,,,,,,,,,,,,,,,,,,,,,,,,,,,,,,,,,,,,,,,,,,,,,,,,,,,,,,,,,,,,,,,,,,,,,,,,,,,,,,,,,,,,,,,,,,,,,,,,,,,,,,,,,,,,,,,,,,,,,,,,,,,,,,,,,,,,,,,,,,,,,,,,,,,,,,,,,,,,,,,,,,,,,,,,,,,,,,,,,,,,,,,,,,,,,,,,,,,,,,,,,,,,,,,,,,,,,,,,,,,,,,,,,,,,,,,,,,,,,,,,,,,,,,,,,,,,,,,,,,,,,,,,,,,,,,,,,,,,,,,,,,,,,,,,,,,,,,,,,,,,,,,,,,,,,,,,,,,,,,,,,,,,,,,,,,,,,,,,,,,,,,,,,,,,,,,,,,,,,,,,,,,,,,,,,,,,,,,,,,,,,,,,,,,,,,,,,,,,,,,,,,,,,,,,,,,,,,,,,,,,,,,,,,,,,,,,,,,,,,,,,,,,,,,,,,,,,,,,,,,,,,,,,,,4.49609375,,3591.0859375,,9.64453125,,460.0859375,
2025-08-30 02:15:00,9.0546875,36.265625,11.30078125,,,,,,,,,,,,,,,,,,,,,,,,,,,,,,,,,,,,,,,,,,,,,,,,,,,,,,,,,,,,,,,,,,,,,,,,,,,,,,,,,,,,,,,,,,,,,,,,,,,,,,,,,,,,,,,,,,,,,,,,,,,,,,,,,,,,,,,,,,,,,,,,,,,,,,,,,,,,,,,,,,,,,,,,,,,,,,,,,,,,,,,,,,,,,,,,,,,,,,,,,,,,,,,,,,,,,,,,,,,,,,,,,,,,,,,,,,,,,,,,,,,,,,,,,,,,,,,,,,,,,,,,,,,,,,,,,,,,,,,,,,,,,,,,,,,,,,,,,,,,,,,,,,,,,,,,,,,,,,,,,,,,,,,,,,,,,,,,,,,,,,,,,,,,,,,,,,,,,,,,,,,,,,,,,,,,,,,,,,,,,,,,,,,,,,,,,,,,,,,,,,,,,,,,,,,,,,,,,,,,,,,,,,,,,,,,,,,,,,,,,,,,,,,,,,,,,,,,,,,,,,,,,,,,,,,,,,,,,,,,,,,,,,,,,,,,,,,,,,,,,,,,,,,,,,,,,,,,,,,,,,,,,,,,,,,,,,,,,,,,,,,,,,,,,,,,,,,,,,,,,,,,,,,,,,,,,,,,,,,,,,,,,,,,,,,,,,,,,,,,,,,,,,,,,,,,,4.6796875,,3923.58984375,,10.2734375,,470.0078125,
